created_at;id_str;full_text;quote_count;reply_count;retweet_count;favorite_count;lang;user_id_str;conversation_id_str;username;tweet_url
Fri Oct 27 02:31:31 +0000 2023;1717730716233142549;"@Gerindra Lanjutkan";0;0;0;0;in;1349954501592010753;1717571793555472525;JokoInd21225144;https://twitter.com/JokoInd21225144/status/1717730716233142549
Fri Oct 27 02:31:28 +0000 2023;1717730705093083253;"@lhayesno @Gerindra @budibongg Harusnya baca twit mimin gerindra sama qrt nya sih biar paham perbedaannya";0;0;0;0;in;2893722694;1717571793555472525;Taslim___;https://twitter.com/Taslim___/status/1717730705093083253
Fri Oct 27 02:30:21 +0000 2023;1717730425265926400;"@Gerindra @prabowo gemoy itu pak prabowo";0;0;0;0;in;1571431940968022021;1717723309918527622;byourluves;https://twitter.com/byourluves/status/1717730425265926400
Fri Oct 27 02:30:20 +0000 2023;1717730421151273433;"@jokowi @Gerindra viralkan video Megawati, seolah @jokowi dilecehkan Mega yang mengingatkan Jokowi, gak bisa 3 periode. Megawati contohkan Sukarno, dijadikan presiden seumur hidup lalu berakhir tragis. Megawati tidak ingin @jokowi berakhir seperti Sukarno Suharto  https://t.co/r9RaSw183I";0;0;0;0;in;15941506;1717536815970951414;permataharahap;https://twitter.com/permataharahap/status/1717730421151273433
Fri Oct 27 02:29:49 +0000 2023;1717730288061833251;"@RajaJuliAntoni @psi_id @Gerindra @prabowo @gibran_tweet Bagus banget tempatnya pak";0;0;0;0;in;1631344631014371328;1717688258556215682;ucuphartadi;https://twitter.com/ucuphartadi/status/1717730288061833251
Fri Oct 27 02:29:23 +0000 2023;1717730179643273466;"@Gerindra @prabowo GEMOY: Gerakan Efektif Menuju Otoritas Yakin";0;0;0;0;in;1662687936553566210;1717723309918527622;cocopandanku;https://twitter.com/cocopandanku/status/1717730179643273466
Fri Oct 27 02:29:16 +0000 2023;1717730149872148866;"@Gerindra @prabowo PAGI ADMIN GEMOYYYY";0;0;0;0;in;1472131302904107008;1717723309918527622;zkdlinhoney;https://twitter.com/zkdlinhoney/status/1717730149872148866
Fri Oct 27 02:29:11 +0000 2023;1717730129672310996;"@Gerindra @prabowo Tetap ganjar-mahfudğŸ”¥";0;0;0;0;in;1671145666155024384;1717723309918527622;cucukakek__69;https://twitter.com/cucukakek__69/status/1717730129672310996
Fri Oct 27 02:29:02 +0000 2023;1717730090942132547;"@halleluhellyeah @Gerindra viralkan video Megawati, seolah @jokowi dilecehkan Mega yang mengingatkan Jokowi, gak bisa 3 periode. Megawati contohkan Sukarno, dijadikan presiden seumur hidup lalu berakhir tragis. Megawati tidak ingin @jokowi berakhir seperti Sukarno Suharto  https://t.co/r9RaSw183I";0;0;0;0;in;15941506;1717191205426287057;permataharahap;https://twitter.com/permataharahap/status/1717730090942132547
Fri Oct 27 02:28:38 +0000 2023;1717729990727569639;"@Gerindra @prabowo Bismillah cokelat wkwk";0;0;0;0;in;1088362339823304705;1717723309918527622;hayuksiapa;https://twitter.com/hayuksiapa/status/1717729990727569639
Fri Oct 27 02:28:30 +0000 2023;1717729959714951532;"@gibran_tweet Emang boleh begini pak? @gibran_tweet @Gerindra https://t.co/2g8s8xvBJR";0;0;0;0;in;789274326960701440;1717188287444688915;dewisn01;https://twitter.com/dewisn01/status/1717729959714951532
Fri Oct 27 02:28:20 +0000 2023;1717729917201420650;"@Gerindra @prabowo Gemoy itu geeemeesshin bapak, pen cuubiit ğŸ¤ğŸ˜";0;0;0;0;in;247831236;1717723309918527622;dbestofmy;https://twitter.com/dbestofmy/status/1717729917201420650
Fri Oct 27 02:28:10 +0000 2023;1717729873459052753;"@Gerindra Mau dong minğŸ¤¤";0;0;0;0;in;1668652289337491456;1717336557206810705;chiethycheza;https://twitter.com/chiethycheza/status/1717729873459052753
Fri Oct 27 02:28:10 +0000 2023;1717729872481845541;"@Gerindra Sudah dihapus min ğŸ˜‚";0;0;0;0;in;2893722694;1717571793555472525;Taslim___;https://twitter.com/Taslim___/status/1717729872481845541
Fri Oct 27 02:28:07 +0000 2023;1717729861748322546;"@Gerindra Assalamu'alaikum min, mau kaos prabowo presiden dong, mau saya bagiin ke pancoran barat min, kebetulan saya kerja di sriwijaya IV min deket kediaman pak prabowo";0;0;0;0;in;60007438;1716410533958795487;gillanggg;https://twitter.com/gillanggg/status/1717729861748322546
Fri Oct 27 02:27:46 +0000 2023;1717729774280614395;"@Gerindra @prabowo @Gerindra min spill poto pak prabowo sama habib lutfi dong";0;0;0;0;in;1697686625986416642;1717723309918527622;nailseaaaa;https://twitter.com/nailseaaaa/status/1717729774280614395
Fri Oct 27 02:27:45 +0000 2023;1717729768970592468;"@Gerindra @prabowo Gemoy itu ya bapakğŸ˜­";0;0;0;0;in;1675917620472844288;1717723309918527622;puttteee___;https://twitter.com/puttteee___/status/1717729768970592468
Fri Oct 27 02:27:43 +0000 2023;1717729759315288122;"@Gerindra @CprnNd gapapa min gausah minta maaf harusnya netizen udah pada pinter dan bisa mengambil kesimpulan sendiri dari twit mindra";0;0;0;0;in;1518096055833075712;1717571793555472525;lovelykosha;https://twitter.com/lovelykosha/status/1717729759315288122
Fri Oct 27 02:27:41 +0000 2023;1717729754051391506;"@Sarinah116 @WulungjagaNKRI @Gerindra Ambulance isi batu ğŸ˜ğŸ˜ğŸ˜ğŸ˜ğŸ˜";0;0;0;1;in;1633386596212023298;1717689950869889355;bambudio87;https://twitter.com/bambudio87/status/1717729754051391506
Fri Oct 27 02:27:32 +0000 2023;1717729714109067445;"@Gerindra @prabowo Gemoy itu gini min. Bisa bisanya ada suzuki 3jt di jejeran kendaraan pak prabowo. Bisa kali min request di give away wkwkkw https://t.co/g9LepZ8z6C";0;0;0;0;in;607363730;1717723309918527622;PioB12;https://twitter.com/PioB12/status/1717729714109067445
Fri Oct 27 02:27:29 +0000 2023;1717729702348210331;"@Gerindra @prabowo pak coba foto sama cipung";0;0;0;0;in;1090394283620757504;1717723309918527622;rdnabilahh;https://twitter.com/rdnabilahh/status/1717729702348210331
Fri Oct 27 02:27:24 +0000 2023;1717729682857324773;"@Gerindra @prabowo ayok nonton the eras movie min, itung-itung movie date bareng aqğŸ¥º";0;0;0;0;in;1393731686;1717723309918527622;saturnenthu;https://twitter.com/saturnenthu/status/1717729682857324773
Fri Oct 27 02:27:06 +0000 2023;1717729604109295762;"@razzdraa @Gerindra @prabowo mindraaa baca iniii @Gerindra ğŸ˜­";0;0;0;0;in;2425050656;1717723309918527622;temanba1kmu;https://twitter.com/temanba1kmu/status/1717729604109295762
Fri Oct 27 02:27:03 +0000 2023;1717729593560568167;"@Gerindra @prabowo PAK PRABOWO SINI DEKAT DEKAT,BOLEH DONG MINTA COKLAT? wkwkwk";0;0;0;0;in;1579853009659473921;1717723309918527622;cumamauduit1;https://twitter.com/cumamauduit1/status/1717729593560568167
Fri Oct 27 02:26:54 +0000 2023;1717729555144941783;"@Gerindra @prabowo Ihhh aku jadi oleng tau pengen milih karena kegemoyan pak Prabowo, apalagi mindra juga lucuuuu bangett ğŸ˜­ğŸ«¶";0;1;0;0;in;1088362339823304705;1717723309918527622;hayuksiapa;https://twitter.com/hayuksiapa/status/1717729555144941783
Fri Oct 27 02:26:46 +0000 2023;1717729520990749163;"@Gerindra @prabowo Emg boleh segemoy itu minğŸ¤©";0;0;0;0;in;1206257169944809474;1717723309918527622;Andikaaaaep;https://twitter.com/Andikaaaaep/status/1717729520990749163
Fri Oct 27 02:26:42 +0000 2023;1717729506721685578;"@PartBurungGalak @Official_PAN @PartaiGolkar @PDemokrat @Gerindra  Disetir sama Ormas PROJO ğŸ¤­ğŸ¤­ LucuğŸ¤­";0;0;0;0;in;1398218987180199940;1717698555765273031;Indonesia_java;https://twitter.com/Indonesia_java/status/1717729506721685578
Fri Oct 27 02:25:58 +0000 2023;1717729321836748961;"@Ollan395 @PDI_Perjuangan @basuki_btp @Gerindra Dulu bang Adian Pernah Ditawari Jokowi menjadi Menteri. Tapi ditolak â€¼ï¸  Adian Berfikir jika jadi bagian Pemerintahan dia akan ditolak masyarakat.  Beliau Lebih Nyaman di DPR  Bisa Mengkritik Pemerintah sekaligus Menjalankan Amanat Rakyat, Terutama Taat Konstitusi â€¼ï¸";0;0;0;0;in;1606318502981169152;1717712515445174762;INDONESIAPERKS4;https://twitter.com/INDONESIAPERKS4/status/1717729321836748961
Fri Oct 27 02:25:51 +0000 2023;1717729292384424019;"@Gerindra @prabowo gemoyyğŸ˜­ğŸ˜­";0;0;0;0;in;2783895948;1717723309918527622;onaanana;https://twitter.com/onaanana/status/1717729292384424019
Fri Oct 27 02:25:40 +0000 2023;1717729244569280725;"Ketokohan pak Prabowo, sehingga jk masuk Gerindra dan pak Prabowo menerima dengan legowo akan sangat mudah utk take over partai Gerindra dengan ketokohan sang bapak selama ini  Ini hanya analisis bodoh saya  Analisis ambisi kekuasaan jangka panjang ğŸ˜€ğŸ˜€ğŸ˜€ ğŸ™";0;0;0;0;in;1604626971325272064;1717729217729999260;zainyubi;https://twitter.com/zainyubi/status/1717729244569280725
Fri Oct 27 02:25:39 +0000 2023;1717729240567988272;"Sebab jika lgsg msk menjadi kader Golkar utk take over Golkar bisa dikatakan sulit, karena disana byk senior yg mempunyai pengaruh yg sangat besar, yg paling mungkin nanti akan masuk partai Gerindra, sebab kita tahu bahwa selama ini Gerindra bertahan lewat";0;1;0;0;in;1604626971325272064;1717729217729999260;zainyubi;https://twitter.com/zainyubi/status/1717729240567988272
Fri Oct 27 02:25:37 +0000 2023;1717729230736527820;"Gerindra Babel optimistis pasangan Prabowo-Gibran dapat memenangkan Pilpres mendatang. dekade08";0;0;0;0;in;1702629389685657600;1717729230736527820;Dandigivari;https://twitter.com/Dandigivari/status/1717729230736527820
Fri Oct 27 02:25:13 +0000 2023;1717729130236809655;"@Gerindra @prabowo min ga bikin ganci upin ipin tapi muka pak wowo sama gibran ğŸ¤£";0;0;0;0;in;1114035983429713925;1717723309918527622;unaiyayaya;https://twitter.com/unaiyayaya/status/1717729130236809655
Fri Oct 27 02:25:08 +0000 2023;1717729111995781442;"@YRadianto Ya tdk akan terlaksana, krn Gerindra tak akan menamg di pileg 2024 nanti";0;0;0;0;in;1704859524958670848;1717390269233123652;r57927;https://twitter.com/r57927/status/1717729111995781442
Fri Oct 27 02:24:45 +0000 2023;1717729015451254926;"@Gerindra @prabowo Nich min, kasi taw beliau yah https://t.co/IdjcjQO3it";0;0;0;0;in;1194182111009181697;1717723309918527622;_imarmy;https://twitter.com/_imarmy/status/1717729015451254926
Fri Oct 27 02:24:22 +0000 2023;1717728918504153228;"@Gerindra @prabowo Gemoy itu ya pak prabowo min â¤ï¸ğŸ˜ğŸ˜";0;0;0;0;in;1468338000790966275;1717723309918527622;Inna39369258;https://twitter.com/Inna39369258/status/1717728918504153228
Fri Oct 27 02:24:21 +0000 2023;1717728914825736258;"@Gerindra @prabowo Mas mindra mau coklatğŸ˜Ÿ";0;0;0;0;in;1365830089766625280;1717723309918527622;antingmaut;https://twitter.com/antingmaut/status/1717728914825736258
Fri Oct 27 02:23:23 +0000 2023;1717728670767554667;"@Relawan_Desain @prabowo @Gerindra Masyarakat yakin, cuma Ayahbowo Masgibran yg dapat membangun peluang kerja yg terbuka agar orang2 punya pendapatan yang sejahtera. #AkuRelawanPrabowoGibran @prabowo @Gerindra https://t.co/iIAubmgskp";0;0;0;0;in;1709453020847886336;1717716064585605537;DaniaNovia3;https://twitter.com/DaniaNovia3/status/1717728670767554667
Fri Oct 27 02:23:13 +0000 2023;1717728626303803852;"@razzdraa @Gerindra @prabowo MbakkkğŸ˜­";0;0;0;0;in;1605704852386230272;1717723309918527622;SiTikkAe_;https://twitter.com/SiTikkAe_/status/1717728626303803852
Fri Oct 27 02:23:00 +0000 2023;1717728573317145000;"@Gerindra @prabowo min kalo minta izin buat uyel-uyel pipi pak prabowo bisa masuk penjara gak?";0;0;0;0;in;1259102017999368195;1717723309918527622;queanqueen;https://twitter.com/queanqueen/status/1717728573317145000
Fri Oct 27 02:22:46 +0000 2023;1717728516916302302;"@Miduk17 @PDI_Perjuangan @basuki_btp @Gerindra Gak masuk akal si Gibran itu appraaaa....ğŸ¤£ğŸ¤£ğŸ¤£";0;0;0;0;in;1606318502981169152;1717712515445174762;INDONESIAPERKS4;https://twitter.com/INDONESIAPERKS4/status/1717728516916302302
Fri Oct 27 02:22:33 +0000 2023;1717728460704199129;"@Gerindra @prabowo Gemoy ( gerakan memilih Prabowo yes) ğŸ«¢";0;0;0;0;in;1514585942543134722;1717723309918527622;icakim_ica;https://twitter.com/icakim_ica/status/1717728460704199129
Fri Oct 27 02:22:27 +0000 2023;1717728436603736401;"@traptizedd @Gerindra @prabowo NgakakğŸ˜­ğŸ™";0;0;0;0;in;1605704852386230272;1717723309918527622;SiTikkAe_;https://twitter.com/SiTikkAe_/status/1717728436603736401
Fri Oct 27 02:22:14 +0000 2023;1717728378936340818;"@Prabowo_Sulsel @prabowo @Gerindra Kita2 ingin sekolah yang bagus tapi terjangkau. Masyarakat yakin, semua ini akan dijalankan sama Ayahbowo Masgibran seandainya memimpin. #AkuRelawanPrabowoGibran @prabowo @Gerindra https://t.co/CfjGYcYPNv";0;0;0;0;in;1709452075296595968;1717715728378528200;MardianaNisaaa;https://twitter.com/MardianaNisaaa/status/1717728378936340818
Fri Oct 27 02:21:30 +0000 2023;1717728198237294600;"@Relawan_Desain @prabowo @Gerindra Kita2 akan kerja keras untuk Ayahbowo Masgibran bisa terpilih jadi pemimpin 2024. #AkuRelawanPrabowoGibran @prabowo @Gerindra https://t.co/lNCXvFjauL";0;0;0;0;in;1709453657790668800;1717716064585605537;dianita_mit4;https://twitter.com/dianita_mit4/status/1717728198237294600
Fri Oct 27 02:21:12 +0000 2023;1717728121234047141;"@RajaJuliAntoni @psi_id @Gerindra @prabowo @gibran_tweet Weekend kerja lagi nih pak";0;0;0;0;in;1646713665591332865;1717688258556215682;dyah_jelita06;https://twitter.com/dyah_jelita06/status/1717728121234047141
Fri Oct 27 02:21:09 +0000 2023;1717728109917848012;"Gerindra Babel Targetkan Swing Voters Mengarah ke Prabowo Setelah Ada Gibran. dekade08";0;0;0;0;in;1702593533457420288;1717728109917848012;mohammadaryanda;https://twitter.com/mohammadaryanda/status/1717728109917848012
Fri Oct 27 02:20:59 +0000 2023;1717728065793700036;"@Gerindra @prabowo Gemoy itu kalau bapak kirim saya hadiah pakğŸ˜€ğŸ¤­";0;0;0;0;in;1125427952181698566;1717723309918527622;UtutuTayankk;https://twitter.com/UtutuTayankk/status/1717728065793700036
Fri Oct 27 02:20:30 +0000 2023;1717727944674791585;"@RajaJuliAntoni @psi_id @Gerindra @prabowo @gibran_tweet Pembagian sertipikat lagi ya pak";0;0;0;0;in;1689274454155591680;1717688258556215682;ChandraChalis;https://twitter.com/ChandraChalis/status/1717727944674791585
Fri Oct 27 02:20:25 +0000 2023;1717727925309780001;"@Gerindra Kemaren hoax Pak @jokowi pidato bahasa mandarin, sekarang hoax mas @gibran_tweet putar video porno. Kasihan ya yang di ambang kekalahan, ngga bisa bersaing secara sehat. ğŸ˜";0;0;0;0;in;1605590813756776448;1717571793555472525;bung_imi;https://twitter.com/bung_imi/status/1717727925309780001
Fri Oct 27 02:20:23 +0000 2023;1717727914811392095;"@fadlizon Gmn min @Gerindra ..?";0;0;0;0;in;161282474;1206768158327001088;dody_hasan;https://twitter.com/dody_hasan/status/1717727914811392095
Fri Oct 27 02:20:14 +0000 2023;1717727875577893091;"@Gerindra @prabowo Pagiii pak gemoy dan mindraa dari saya followers baruuu, bismillah coklatğŸ˜­ğŸ¤£";0;0;0;1;in;1432974411070537735;1717723309918527622;Taaa589689741;https://twitter.com/Taaa589689741/status/1717727875577893091
Fri Oct 27 02:20:04 +0000 2023;1717727837669707817;"@Gerindra @prabowo Gemoy itu gemesnya kebangetan pengen nyubit. Dan boleh tah dapat ucapan ulang tahun di hari ulang tahun aku hari ini tanggal 27 Oktober dari si gemoy pak @prabowo calon presidenku. ğŸ˜‡ğŸ˜‡ğŸ˜‡ https://t.co/uy7MVB9znT";0;0;0;2;in;844467962;1717723309918527622;julietgadungan;https://twitter.com/julietgadungan/status/1717727837669707817
Fri Oct 27 02:20:04 +0000 2023;1717727836860264564;"@AhliGiziProPrab @prabowo @Gerindra Masyarakat beharap sekolah yang baik dan murah. Masyarakat yakin, hal ini bisa dijalankan oleh Ayahbowo Masgibran seandainya menang.  #AkuRelawanPrabowoGibran @prabowo @Gerindra https://t.co/qk4XqiCY8j";0;0;0;0;in;1711289404525076480;1717714852633018477;BrigittaKogoya;https://twitter.com/BrigittaKogoya/status/1717727836860264564
Fri Oct 27 02:20:03 +0000 2023;1717727831172710403;"@Gerindra @prabowo @gibran_tweet https://t.co/WsioUYmbFQ";0;0;0;0;qme;3460114273;1717727831172710403;mpurwks;https://twitter.com/mpurwks/status/1717727831172710403
Fri Oct 27 02:19:49 +0000 2023;1717727774545510782;"@Gerindra @prabowo Disampaikan kepada mindra untuk mengirimkan cokelatnya segera mungkin!";0;0;0;0;in;936480179811000320;1717723309918527622;rafiiii_10;https://twitter.com/rafiiii_10/status/1717727774545510782
Fri Oct 27 02:19:36 +0000 2023;1717727719902044453;"@Gerindra @prabowo Gemoy is Gerindra Menang Oyy ğŸ”¥ğŸ”¥";0;0;0;0;in;606162583;1717723309918527622;ajieeputraa;https://twitter.com/ajieeputraa/status/1717727719902044453
Fri Oct 27 02:19:35 +0000 2023;1717727713237295270;"@DethanVic @Aryprasetyo85 @Gerindra @bawaslu_RI @007koteka @03__nakula @__AnakKolong @aan_muba @al_lasan @Anak__Ogi @GunRomli @Miduk17 @Marbot_Udien @seruanhl @KPU_ID sebelum ditunjuk jadi Capres  PDIP dan ketika masih bersaing dg Puan, bukankah Ganjar selalu nempel Pak Jkw seperti perangko ?  kemana2 selfie dg latar belakang Pak Jokowi.., setelah ditunjuk jadi Capres langsung anti Jokowi.. moralitas yg membagongkan";0;0;0;0;in;3248886918;1717408749424664989;wrahardian2;https://twitter.com/wrahardian2/status/1717727713237295270
Fri Oct 27 02:19:32 +0000 2023;1717727703275806877;"@Relawan_Desain @prabowo @Gerindra Kita2 beharap sekolah yg bagus dan terjangkau. Masyarakat yakin, hal ini akan dilaksanakan sama Ayahbowo Masgibran jika menang. #AkuRelawanPrabowoGibran @prabowo @Gerindra https://t.co/jnEGdVuyhY";0;0;0;0;in;1709455279329538048;1717716064585605537;MegaArifina11;https://twitter.com/MegaArifina11/status/1717727703275806877
Fri Oct 27 02:19:13 +0000 2023;1717727623668019354;"@Gerindra @prabowo Gemoy itu gemesnya kebangetan pengen nyubit. Dan boleh tah dapat ucapan ulang tahun di hari ulang tahun aku hari ini tanggal 27 Oktober dari si gemoy pak @prabowo calon presidenku. ğŸ˜‡ğŸ˜‡ğŸ˜‡";0;0;0;0;in;844467962;1717723309918527622;julietgadungan;https://twitter.com/julietgadungan/status/1717727623668019354
Fri Oct 27 02:18:48 +0000 2023;1717727517698937326;"@sudahbangun @Gerindra @prabowo pas 2019 bukan Pak Prabowo memang kak ? kenapa ?";0;0;0;0;in;998571619;1717723309918527622;o3112oo1;https://twitter.com/o3112oo1/status/1717727517698937326
Fri Oct 27 02:18:44 +0000 2023;1717727499222986954;"@Kimberley_2024 Dan hanya yg sdh putus asa yg memulai dng mengubah aturan. Presiden yg enggan lengser yg gagal ngarep tunda pemilu dan gagal 3 periode, "berkoalisi" dng mantan jendral yg hampir putus asa yg sdh 3X gagal. "Anda punya Gerindra, saya punya ipar MK". Demikian usulannya. ğŸ¤£ğŸ¤£ğŸ¤£";0;0;0;0;in;1603515715889139712;1717702672709521771;Shofia_Labora;https://twitter.com/Shofia_Labora/status/1717727499222986954
Fri Oct 27 02:18:42 +0000 2023;1717727489844519047;"@Gerindra @prabowo Min btw, kmren pas nonton. Salfok sama jaket golkarğŸ˜« s";0;0;0;0;in;1101840582232535045;1717723309918527622;Jiminne13;https://twitter.com/Jiminne13/status/1717727489844519047
Fri Oct 27 02:18:20 +0000 2023;1717727397729210421;"@Muhamma87797214 @Gerindra @prabowo Jangan ada berantem bang, walaupun berbeda pilihan.";0;0;0;0;in;522060556;1717723309918527622;heykarez;https://twitter.com/heykarez/status/1717727397729210421
Fri Oct 27 02:18:19 +0000 2023;1717727395703296214;"@SitiRuk35153713 @Kimberley_2024 Dan hanya yg sdh putus asa yg memulai dng mengubah aturan. Presiden yg enggan lengser yg gagal ngarep tunda pemilu dan gagal 3 periode, "berkoalisi" dng mantan jendral yg hampir putus asa yg sdh 3X gagal. "Anda punya Gerindra, saya punya ipar MK". Demikian usulannya. ğŸ¤£ğŸ¤£ğŸ¤£";0;0;0;0;in;1603515715889139712;1717352792204132632;Shofia_Labora;https://twitter.com/Shofia_Labora/status/1717727395703296214
Fri Oct 27 02:18:11 +0000 2023;1717727360253071780;"@Gerindra @prabowo min tidur min";0;0;0;0;in;1065454297255571462;1717723309918527622;rmdnxyz;https://twitter.com/rmdnxyz/status/1717727360253071780
Fri Oct 27 02:18:03 +0000 2023;1717727326803513712;"Gemoy tuhhh lucuuu gemeeessssshhhhh pakkkkk @prabowo , mindra bagi coklat bowleeehhhh? Heheee @Gerindra";0;0;0;0;in;1667367379050057730;1717727326803513712;tomcatandangela;https://twitter.com/tomcatandangela/status/1717727326803513712
Fri Oct 27 02:17:57 +0000 2023;1717727302254264703;"@Gerindra @prabowo min pengen ketemu pak PrabowoğŸ¥ºğŸ¥º";0;0;0;0;in;998571619;1717723309918527622;o3112oo1;https://twitter.com/o3112oo1/status/1717727302254264703
Fri Oct 27 02:17:39 +0000 2023;1717727229365584124;"@Relawan_Desain @prabowo @Gerindra Wiih, Tingkat kepuasan responden terhadap Ayahbowo Masgibran di Kabinet Pemerintahan Jokowi , tertinggi dari nama-nama yang ada. #AkuRelawanPrabowoGibran @prabowo @Gerindra https://t.co/9yGid4v2hP";0;0;0;0;in;1709490441324994560;1717716064585605537;siti_khasanah0;https://twitter.com/siti_khasanah0/status/1717727229365584124
Fri Oct 27 02:17:30 +0000 2023;1717727190043996266;"@Gerindra @prabowo Pagi mindra, kasi tau bapak gemoy itu gemesss minğŸ¤ğŸ»ğŸ¥°";0;0;0;0;in;1236373119356375041;1717723309918527622;nesyarief_;https://twitter.com/nesyarief_/status/1717727190043996266
Fri Oct 27 02:17:30 +0000 2023;1717727188324352308;"@Gerindra @prabowo Selamat pagi mindra.. doakan orderan ku gacor yaaa kalo aku yg berdoa sering gk di kabulkan..";0;0;0;0;in;1226533815155249153;1717723309918527622;caqcaq2;https://twitter.com/caqcaq2/status/1717727188324352308
Fri Oct 27 02:17:18 +0000 2023;1717727139607482722;"@RajaJuliAntoni @psi_id @Gerindra @prabowo @gibran_tweet Semoga selalu diberikan kelancaran setiap harinya";0;0;0;0;in;1689922933207298048;1717688258556215682;IsmantoJati88;https://twitter.com/IsmantoJati88/status/1717727139607482722
Fri Oct 27 02:17:11 +0000 2023;1717727109249175971;"@Gerindra @prabowo gemoy = pak prab https://t.co/0ChpNuEcg5";0;0;0;0;in;1223872639195742210;1717723309918527622;Hhheni1;https://twitter.com/Hhheni1/status/1717727109249175971
Fri Oct 27 02:17:03 +0000 2023;1717727076147757329;"@Gerindra Ora gagas penting pak Prabowo Gibran RI 1";0;0;0;0;in;1264924974407733248;1717571793555472525;MaryunNanto;https://twitter.com/MaryunNanto/status/1717727076147757329
Fri Oct 27 02:16:42 +0000 2023;1717726989732528304;"@Prabowo_Sulsel @prabowo @Gerindra Kita semua mau pendidikan yang bagus dan murah. Masyarakat yakin, hal ini pasti dicapai sama Ayahbowo Masgibran seandainya memimpin. #AkuRelawanPrabowoGibran @prabowo @Gerindra https://t.co/WESuBOZKtD";0;0;0;0;in;1709492166194810880;1717715728378528200;VQila2;https://twitter.com/VQila2/status/1717726989732528304
Fri Oct 27 02:16:29 +0000 2023;1717726934002741600;"Gue lg males dg semua jenis pertengkaran.  Baik rl maupun via sosmed.   Hari2ku sedang dipenuhi dg video2 pak @prabowo yg gemoy dan menghibur. Ternyata bahagia sesederhana itu ya miinn @Gerindra ğŸ˜­ğŸ’œ";0;0;0;0;in;1089441247062683648;1717726934002741600;yoonna9388;https://twitter.com/yoonna9388/status/1717726934002741600
Fri Oct 27 02:16:29 +0000 2023;1717726933516263790;"@Gerindra @prabowo pak Prabowo lucu banget ğŸ¤ğŸ¤";0;0;0;0;in;576236264;1717723309918527622;molalnaxo;https://twitter.com/molalnaxo/status/1717726933516263790
Fri Oct 27 02:16:23 +0000 2023;1717726908585005352;"@Gerindra @prabowo Yang bikin konten tiktok atau reels kayak gini, bisa kreatif banget editingnya. Ini videografernya solo abadi harus belajar ğŸ™";0;0;0;0;in;1866799093;1717723309918527622;bintiksinga;https://twitter.com/bintiksinga/status/1717726908585005352
Fri Oct 27 02:16:10 +0000 2023;1717726854130573569;"@RajaJuliAntoni @psi_id @Gerindra @prabowo @gibran_tweet Pagi pagi udah di Kupang";0;0;0;1;in;1689930390046490624;1717688258556215682;lisapertiwi30;https://twitter.com/lisapertiwi30/status/1717726854130573569
Fri Oct 27 02:16:08 +0000 2023;1717726845893062727;"@Aryprasetyo85 @Gerindra @bawaslu_RI @007koteka @03__nakula @__AnakKolong @al_lasan @Anak__Ogi @GunRomli @Miduk17 @Marbot_Udien @seruanhl sy berpendapat : sasaran utama mrk adalah mencegah Prabowo jadi capres dg isu2 ham krn potensi Prabowo menang di 2024 sangat besar, isu ham ternyata sudah tak mempan, mrk tambah kuatir ketika Gibran masuk krn kans Prabowo makin besar, mk Gibran-Jkw jadi sasaran kejam. @Gerindra";0;0;0;0;in;3248886918;1717408749424664989;wrahardian2;https://twitter.com/wrahardian2/status/1717726845893062727
Fri Oct 27 02:16:08 +0000 2023;1717726843712029052;"@Gerindra @prabowo Gerakan Mendukung prabOwo-gibran Yes ! ğŸ˜ BISMILLAH JUMAT BERKAH";0;0;0;0;in;378443421;1717723309918527622;nurulinayah___;https://twitter.com/nurulinayah___/status/1717726843712029052
Fri Oct 27 02:15:59 +0000 2023;1717726809297650124;"@kekvavi @Gerindra @prabowo ğŸ˜‚ğŸ˜‚";0;0;0;1;qme;1568942433421135872;1717723309918527622;fatahillah1994;https://twitter.com/fatahillah1994/status/1717726809297650124
Fri Oct 27 02:15:49 +0000 2023;1717726766197002689;"@Relawan_Desain @prabowo @Gerindra Semua jelas memenangkan Ayahbowo Masgibran jadi pemenang pilpres Indonesia. #AkuRelawanPrabowoGibran @prabowo @Gerindra https://t.co/MHync3Ku69";0;0;0;0;in;1709493310010851328;1717716064585605537;BellaSaqila2;https://twitter.com/BellaSaqila2/status/1717726766197002689
Fri Oct 27 02:15:26 +0000 2023;1717726670084579637;"@hannajoe20 @Aryprasetyo85 @Gerindra @bawaslu_RI @007koteka @03__nakula @__AnakKolong @al_lasan @Anak__Ogi @GunRomli @Miduk17 @Marbot_Udien @seruanhl Bukan "kyk orang ga cerdas", emang ga cerda/bodoh!!";0;0;0;0;in;1139304012992225280;1717408749424664989;Ama_xxii;https://twitter.com/Ama_xxii/status/1717726670084579637
Fri Oct 27 02:15:16 +0000 2023;1717726626312864154;"@HAbdullah33bb @PDI_Perjuangan @Gerindra @PKSejahtera @partaigolkar5 @DPP_PKB @DPR_RI @KPU_ID @bawaslu_RI ooohhh";0;0;0;0;und;1484472727142486019;1717333440964788298;RWati65;https://twitter.com/RWati65/status/1717726626312864154
Fri Oct 27 02:15:13 +0000 2023;1717726614572933409;"gurita korupsi BTS seret gerindra dan org kepercayaan prabowo https://t.co/sapzNJwfCl";0;0;2;3;in;1227492565525491713;1717726614572933409;doctor__fabre;https://twitter.com/doctor__fabre/status/1717726614572933409
Fri Oct 27 02:15:12 +0000 2023;1717726612215803976;"@RajaJuliAntoni @psi_id @Gerindra @prabowo @gibran_tweet Semoga selalu diberikan kelancaran";0;0;0;0;in;1690178828734517248;1717688258556215682;Larasgayatri92;https://twitter.com/Larasgayatri92/status/1717726612215803976
Fri Oct 27 02:14:50 +0000 2023;1717726516640117217;"@Prabowo_Sulsel @prabowo @Gerindra Masyarakat yakin, hanya Ayahbowo Masgibran yg dapat menciptakan kesempatan bisnis yang jelas dan orang2 hidup yang layak. #AkuRelawanPrabowoGibran @prabowo @Gerindra https://t.co/kHUTarA4oP";0;0;0;0;in;1709494385711460352;1717715728378528200;AanamahF2;https://twitter.com/AanamahF2/status/1717726516640117217
Fri Oct 27 02:14:40 +0000 2023;1717726476525858997;"@Gerindra @prabowo tiap liat pak Prabowo selalu nangiss ga tau kenapağŸ˜­ğŸ˜­ğŸ˜­";0;0;0;0;in;1437976796968865796;1717723309918527622;Secret70537191;https://twitter.com/Secret70537191/status/1717726476525858997
Fri Oct 27 02:14:39 +0000 2023;1717726473514340482;"@ganjarpranowo Di Lampung ini, koalisi AMIN bermodal 26% basis suara, sementara pengusung Gofud baru bisa mengandalkan modal basis pdip 20%, Prabowo hanya bisa mengandalkan gerindra yg bermodal 11%. @ch_chotimah2 @Miduk17 @chicohakim @GunRomli";0;1;0;0;in;221686603;1717714431915020636;joktry;https://twitter.com/joktry/status/1717726473514340482
Fri Oct 27 02:14:32 +0000 2023;1717726442732306838;"@fatahillah1994 @Gerindra @prabowo Wkwkwk bagi bagi kalo dapet yaa...";0;1;0;0;in;1297330720382152704;1717723309918527622;kekvavi;https://twitter.com/kekvavi/status/1717726442732306838
Fri Oct 27 02:14:04 +0000 2023;1717726326826860913;"@Gerindra @prabowo bapak gemoey Plabowo chibiyanto ğŸ¥°ğŸ¥°ğŸ¥° dukung beliau untuk Indonesia maju nan imoetğŸ«¶ğŸ«¶ğŸ«¶";0;0;0;0;in;1391847076292485121;1717723309918527622;razzdraa;https://twitter.com/razzdraa/status/1717726326826860913
Fri Oct 27 02:13:35 +0000 2023;1717726204655210532;"@RajaJuliAntoni @psi_id @Gerindra @prabowo @gibran_tweet Semoga segala sesuatunya selalu diberikan kelancaran";0;0;0;0;in;1690168514534096896;1717688258556215682;AdiPanca93;https://twitter.com/AdiPanca93/status/1717726204655210532
Fri Oct 27 02:13:24 +0000 2023;1717726159407132961;"@seeksixsuck Dulu perjanjiannya PDIP capres Gerindra cawapres, setelah itu dibalik Gerindra capres PDIP cawapres. Sudah terwujud.";0;0;0;0;in;812272331645014017;1717378394894303314;arum_raden;https://twitter.com/arum_raden/status/1717726159407132961
Fri Oct 27 02:13:13 +0000 2023;1717726112288321592;"@Gerindra @prabowo Tahun 2014 jadi saksi pak prabowo di tps , tahun 2024 all in pak prabowo lagi  Boleh dong min kirim buku dan kaosnya biar tambah semangat.. Hehe ğŸ˜„ğŸ˜† https://t.co/zEmtxj327p";0;1;0;1;in;727160396;1717723309918527622;sudahbangun;https://twitter.com/sudahbangun/status/1717726112288321592
Fri Oct 27 02:12:53 +0000 2023;1717726027869528425;"Idris Mangga Barani Mundur Jadi Caleg Gerindra, Ini Penggantinya  https://t.co/S1yU0pVGss";0;0;0;0;in;1036441135349002240;1717726027869528425;baca_pesan;https://twitter.com/baca_pesan/status/1717726027869528425
Fri Oct 27 02:12:19 +0000 2023;1717725885988745500;"@pomegrantemint @Gerindra @prabowo ğŸ˜”";0;0;0;0;qme;522060556;1717723309918527622;heykarez;https://twitter.com/heykarez/status/1717725885988745500
Fri Oct 27 02:12:16 +0000 2023;1717725870654415241;"@heykarez @Gerindra @prabowo ha ha ha kereeennn ğŸ‘";0;1;0;0;hu;1329814162193539073;1717723309918527622;Muhamma87797214;https://twitter.com/Muhamma87797214/status/1717725870654415241
Fri Oct 27 02:12:10 +0000 2023;1717725849498292566;"@RajaJuliAntoni @psi_id @Gerindra @prabowo @gibran_tweet Selamat data di NTT Pak Bro Tuhan Memberkati ğŸ˜ğŸ˜ğŸ˜";0;0;0;0;in;1658514325194285056;1717688258556215682;EnoKeytimu29817;https://twitter.com/EnoKeytimu29817/status/1717725849498292566
Fri Oct 27 02:12:03 +0000 2023;1717725818447868409;"@RajaJuliAntoni @psi_id @Gerindra @prabowo @gibran_tweet Suatu saat pengen deh kesana";0;0;0;0;in;727436208;1717688258556215682;Alesha_Dalilah;https://twitter.com/Alesha_Dalilah/status/1717725818447868409
Fri Oct 27 02:12:00 +0000 2023;1717725805705601158;"@Gerindra @prabowo Dari 2014 sudah saya bantuin pasang spanduk sampe sahur, tahun 2024 jd presiden kan pak @prabowo? https://t.co/dpYlu8UfVN";0;0;0;1;in;581445485;1717723309918527622;msmiftaa;https://twitter.com/msmiftaa/status/1717725805705601158
Fri Oct 27 02:11:48 +0000 2023;1717725756850360814;"@Gerindra Kalau urusan yg beginian partai yg satu ini keknya paling gercep memberitakan.  Ngak malu apa memberitakan peristiwa seperti ini ?  Antara moral dengan idealisme setan unjuk kekuatan Kecuali punya motif dan target lain, memberitakan sambil hiporia ada yg dipermalukan ğŸ¤”  ğŸ’ªğŸ’ª";0;0;0;0;in;4876529203;1717571793555472525;Xtors1611;https://twitter.com/Xtors1611/status/1717725756850360814
Fri Oct 27 02:11:21 +0000 2023;1717725643159556201;"@Miduk17 @prabowo @Gerindra @DivHumas_Polri @TMCPoldaMetro @jokowi https://t.co/T58GnlLyyY";0;0;0;0;qme;1372225061516550144;1717714402622017932;iwan95722101;https://twitter.com/iwan95722101/status/1717725643159556201
Fri Oct 27 02:11:00 +0000 2023;1717725554605236447;"@heykarez @Gerindra @prabowo cocok untuk dikasih KTA";0;1;0;0;in;486481015;1717723309918527622;pomegrantemint;https://twitter.com/pomegrantemint/status/1717725554605236447
Fri Oct 27 02:10:56 +0000 2023;1717725535550439754;"@Gerindra @prabowo Selamat pagi mindra, gemoy itu lucuu/cuteeğŸ˜š kayak bapak prabowo xixixi";0;0;0;0;in;1297330720382152704;1717723309918527622;kekvavi;https://twitter.com/kekvavi/status/1717725535550439754
Fri Oct 27 02:10:41 +0000 2023;1717725474418458705;"@Miduk17 Bukti nya kau ada ... ? @prabowo @Gerindra @DivHumas_Polri @TMCPoldaMetro @jokowi";0;1;0;0;in;1372225061516550144;1717714402622017932;iwan95722101;https://twitter.com/iwan95722101/status/1717725474418458705
Fri Oct 27 02:10:41 +0000 2023;1717725472858185788;"@bobopresto @Kimberley_2024 @Gerindra Betul2 ikhlas sampai ke luar negeri tinggal di jordan , bener sekali Gusdur";0;0;0;0;in;1524615212875546625;1717691972797014526;allkacruuut;https://twitter.com/allkacruuut/status/1717725472858185788
Fri Oct 27 02:10:18 +0000 2023;1717725378356318490;"@Gerindra @prabowo mindra aku gi ulang tahun bisa kali diucapin atau diksh kado baju partai mu yg kece itu wkwkğŸ˜‹ğŸ’… https://t.co/ygb86ezIKT";0;0;0;0;in;1569848298328170496;1717723309918527622;qwrtyuixz;https://twitter.com/qwrtyuixz/status/1717725378356318490
Fri Oct 27 02:10:04 +0000 2023;1717725318281335113;"@Gerindra @prabowo Min... Singapore panas banget nih...biar adem,PM nya suruh apa min??";0;0;0;0;in;1344799438246535168;1717723309918527622;NurulAi55864160;https://twitter.com/NurulAi55864160/status/1717725318281335113
Fri Oct 27 02:09:56 +0000 2023;1717725285699977528;"@JSedoe @Gerindra @jokowi @kaesangp @PDemokrat laporkan pencemaran nama baik";0;0;0;0;in;1575031191803088897;1717460079858127334;SubektiSetya;https://twitter.com/SubektiSetya/status/1717725285699977528
Fri Oct 27 02:09:50 +0000 2023;1717725260639039977;""Yang saya hormati Ketum Gerindra Calon Presiden Pak Prabowo. Tenang saja Pak Prabowo, tenang saja Pak. Saya sudah ada di sini..."kata Gibran, Rabu (25/10/2023). Usai pidato viral, ada sejumlah pengamat membuat bermacam tafsiran.  #Megatron #adian #gibran https://t.co/ma3ApNkgTj";0;0;0;0;in;1640913704391970816;1717725260639039977;surabayapagi_id;https://twitter.com/surabayapagi_id/status/1717725260639039977
Fri Oct 27 02:09:49 +0000 2023;1717725256541184118;"@Gerindra @prabowo Gemoy Bangettt mindra bismillah coklat sama kaos partai";0;0;0;0;in;1671887202060750849;1717723309918527622;hindiee06;https://twitter.com/hindiee06/status/1717725256541184118
Fri Oct 27 02:09:03 +0000 2023;1717725061959057621;"PRABOWO ADALAH POLITISI YG GAK PERNAH BERKHIANAT DENGAN SIAPA PUN! #totalpolitik #prabowo #capres2024 #... https://t.co/CfCs8Otpa8 lewat @YouTube @Gerindra";0;0;0;0;in;1695117647393030144;1717725061959057621;akalMulus;https://twitter.com/akalMulus/status/1717725061959057621
Fri Oct 27 02:08:55 +0000 2023;1717725030313066668;"@Gerindra @prabowo Gerakan Ekonomi Maju, Objektif dan Yakin.";0;2;0;0;in;522060556;1717723309918527622;heykarez;https://twitter.com/heykarez/status/1717725030313066668
Fri Oct 27 02:08:44 +0000 2023;1717724983483666564;"@Gerindra @prabowo Selamat pagi min jangan lupa ngupiâ˜•ï¸";0;0;0;0;in;1243891286379094016;1717723309918527622;PartaiUciha;https://twitter.com/PartaiUciha/status/1717724983483666564
Fri Oct 27 02:08:34 +0000 2023;1717724943096639801;"@PrabowoKalsel @prabowo @Gerindra Betul setuju, rakyat dlm situasi saat ini, tertarik dengan gaya memimpin tegas Ayahbowo Masgibran dlm menetukan keputusan dan menjawab hal2 penting.  #AkuRelawanPrabowoGibran @prabowo @Gerindra https://t.co/tfaMcHAuXX";0;0;0;0;in;1711729842268639232;1717713009353879920;MelisdaSumandi;https://twitter.com/MelisdaSumandi/status/1717724943096639801
Fri Oct 27 02:08:11 +0000 2023;1717724843309994100;"@Gerindra @prabowo YGGA (Yang Gemoy Gemoy Aja) ya mindraa";0;0;0;0;in;1242309536897044480;1717723309918527622;haimellati;https://twitter.com/haimellati/status/1717724843309994100
Fri Oct 27 02:08:08 +0000 2023;1717724833822503382;"@Gerindra @prabowo G : Gagah E : Enak didengarkan motivasinya M: Menjalankan tugas dengan ikhlas O: Orang Paling sangar di kopassus pada jamannya Y : YTH Mindra bismillah dapet hadiah";0;1;0;2;in;1568942433421135872;1717723309918527622;fatahillah1994;https://twitter.com/fatahillah1994/status/1717724833822503382
Fri Oct 27 02:08:06 +0000 2023;1717724823324090731;"@Gerindra @prabowo Anjay pak Bowo JJ ğŸ¤™";0;0;0;0;ht;1579630659974619136;1717723309918527622;bantalselimut13;https://twitter.com/bantalselimut13/status/1717724823324090731
Fri Oct 27 02:07:51 +0000 2023;1717724760921321503;"@TimurSimpatisan @ReinaSanusi Masyarakat berharap, Ayahbowo Masgibran dapat fokus kepada menaikkan kesejahteraan rakyat, termasuk buruh tani dan umkm masyarakat, dgn merumuskan kebijakan yg baik.  MasbowoGibran EmangKeren Smangat PAGI Smangat Kita";0;0;0;0;in;1656203872044736512;1717721234606272819;bali_gerindra;https://twitter.com/bali_gerindra/status/1717724760921321503
Fri Oct 27 02:07:50 +0000 2023;1717724757158945127;"@Gerindra @prabowo minnn balesss  https://t.co/FXf2jJcQMb";0;0;0;0;en;1453027145584762881;1717723309918527622;dinosaocean;https://twitter.com/dinosaocean/status/1717724757158945127
Fri Oct 27 02:07:39 +0000 2023;1717724711646535718;"@TimurSimpatisan @ReinaSanusi Top sekali, Ayahbowo Masgibran punya kemauan untuk melanjutkan pembangunan fasilitas yg bisa meningkatkan ekonomi dan kualitas hidup masyarakat.  MasbowoGibran EmangKeren Smangat PAGI Smangat Kita https://t.co/MktMMSPduk";0;0;0;0;in;1656203872044736512;1717721234606272819;bali_gerindra;https://twitter.com/bali_gerindra/status/1717724711646535718
Fri Oct 27 02:07:38 +0000 2023;1717724708001730941;"@Gerindra @prabowo Pagi, Bapak Uchiha Sasuke dan Uzumakhi Boruto-ku ğŸ¤—ğŸ˜ Pagi juga, Mindra. Udah sarapan belum @Gerindra https://t.co/ObIWF4yNTM";0;0;0;0;in;1529141029143605249;1717723309918527622;RenjiIsamu;https://twitter.com/RenjiIsamu/status/1717724708001730941
Fri Oct 27 02:07:37 +0000 2023;1717724700921720988;"@Gerindra @prabowo Lucu pak kayak aku";0;0;0;1;in;1138452453651877891;1717723309918527622;itsufika;https://twitter.com/itsufika/status/1717724700921720988
Fri Oct 27 02:07:29 +0000 2023;1717724668474642811;"@Gerindra @prabowo MinnnnğŸ˜­ğŸ˜­ğŸ˜­ğŸ˜­";0;0;0;0;und;1116283927138725888;1717723309918527622;Merymryn9;https://twitter.com/Merymryn9/status/1717724668474642811
Fri Oct 27 02:07:24 +0000 2023;1717724648950100221;"@MengMen36309965 @yolajinji @Gerindra bedaa, waktu itu pak prabowo bilabg juga, yg boleh masuk rumah bobby doang, sisanya bobby main diluarğŸ˜ƒ";0;0;0;1;in;1453027145584762881;1717339550576709834;dinosaocean;https://twitter.com/dinosaocean/status/1717724648950100221
Fri Oct 27 02:07:24 +0000 2023;1717724646995624321;"@RajaJuliAntoni @psi_id @Gerindra @prabowo @gibran_tweet Bagi-2 PIAGAM lagi kapan Brooo.. ğŸ˜‹ğŸ˜‹";0;0;0;0;in;1674463865000820738;1717688258556215682;DwiFirman442880;https://twitter.com/DwiFirman442880/status/1717724646995624321
Fri Oct 27 02:07:20 +0000 2023;1717724633032761687;"@Gerindra @prabowo Saya bisa melihat sekilas penampakan cipung ketika tua :')";0;0;0;0;in;1288855767798280193;1717723309918527622;NugrohoTS1;https://twitter.com/NugrohoTS1/status/1717724633032761687
Fri Oct 27 02:07:20 +0000 2023;1717724633011761293;"@Gerindra @prabowo nih mindraaqğŸ¤ª https://t.co/4uUNonYQqN";0;0;0;0;in;1616057954834460674;1717723309918527622;AuliaAlsha;https://twitter.com/AuliaAlsha/status/1717724633011761293
Fri Oct 27 02:07:18 +0000 2023;1717724624581165474;"@TimurSimpatisan @ReinaSanusi Betul sudah saatnya sekarang ini Ayahbowo Masgibran memimpin! sebab orang seperti beliau yg sangat dibutuhkan pada situasi saat ini.  MasbowoGibran EmangKeren Smangat PAGI Smangat Kita";0;0;0;0;in;1656203872044736512;1717721234606272819;bali_gerindra;https://twitter.com/bali_gerindra/status/1717724624581165474
Fri Oct 27 02:07:00 +0000 2023;1717724548920230143;"@Gerindra @prabowo Gemoy is gemas dan ahohoy ğŸ˜‹";0;0;0;0;in;1049082237503717376;1717723309918527622;sasyaaltira;https://twitter.com/sasyaaltira/status/1717724548920230143
Fri Oct 27 02:06:46 +0000 2023;1717724489264595329;"@yunartowijaya Duo F  2014 2019 bersatu dlm bingkai oposisi Duo F 2024 bercerai Krn beda kepentingan dan beda majikan Fadli setia pada knori Soeharto Fahri setia pada partai gelora  Pertanda Fadli adalah wakil Cendana yg ditempatkan di partai gerindra";0;0;0;0;in;1478416241920380930;1717706486934348149;GagahPe90467632;https://twitter.com/GagahPe90467632/status/1717724489264595329
Fri Oct 27 02:06:41 +0000 2023;1717724467802288638;"@Gerindra @prabowo Semoga sukses terus pak prabowo";0;0;0;1;in;1397856580788396036;1717723309918527622;kelisaka;https://twitter.com/kelisaka/status/1717724467802288638
Fri Oct 27 02:06:25 +0000 2023;1717724402107007165;"@Gerindra @prabowo mindra aku udah berhasil pengaruhi ibukku untuk milih pak wowo. All in pokoknyaaa";0;0;0;0;in;1193418949611798528;1717723309918527622;syabilluuu;https://twitter.com/syabilluuu/status/1717724402107007165
Fri Oct 27 02:06:19 +0000 2023;1717724376785912155;"@RajaJuliAntoni @psi_id @Gerindra @prabowo @gibran_tweet Membagikan sertifikat ata nama wamen/negara tetapi bawa2 capres dan cawapres pilihan partainya.Edan sih ini";0;0;0;0;in;960035301912584193;1717688258556215682;HarthenP;https://twitter.com/HarthenP/status/1717724376785912155
Fri Oct 27 02:06:16 +0000 2023;1717724360956588457;"@Gerindra @prabowo Gemoy is lucu dan gemes";0;0;0;0;in;1397856580788396036;1717723309918527622;kelisaka;https://twitter.com/kelisaka/status/1717724360956588457
Fri Oct 27 02:06:11 +0000 2023;1717724343009214633;"@Gerindra @prabowo Gemes asoy";0;0;0;0;en;1241200331565887488;1717723309918527622;AditBandit234;https://twitter.com/AditBandit234/status/1717724343009214633
Fri Oct 27 02:05:58 +0000 2023;1717724287061377497;"@Gerindra @prabowo Min udah liat video klarifikasi cipung blm, ternyata emg dianya ga mau jd cawapres min :'((";0;0;0;0;in;1246470106554630145;1717723309918527622;edelweisjvnca;https://twitter.com/edelweisjvnca/status/1717724287061377497
Fri Oct 27 02:05:56 +0000 2023;1717724278878326915;"@Gerindra @prabowo Pagi min, sarapan apa tudeyy";0;0;0;0;tl;1389735583405121542;1717723309918527622;shwfraw;https://twitter.com/shwfraw/status/1717724278878326915
Fri Oct 27 02:05:41 +0000 2023;1717724214193701231;"@TimurSimpatisan @ReinaSanusi Bisa kita lihat, alasan yang membuat masyarakat merespons positif Ayahbowo Masgibran ialah sikap yang memilih berlapang dada untuk kepentingan Persatuan Indonesia.  MasbowoGibran EmangKeren Smangat PAGI Smangat Kita";0;0;0;0;in;1442469947381194758;1717721234606272819;NtbGerindra;https://twitter.com/NtbGerindra/status/1717724214193701231
Fri Oct 27 02:05:36 +0000 2023;1717724196674170971;"@prabowo_kalbar @prabowo @Gerindra Top, dlm menjaga kelestarian dan meminimalkan permasalahan perubahan iklim, Ayahbowo Masgibran melibatka masyarakat utk terlibat aktif bersama menjaga alam. #AkuRelawanPrabowoGibran @prabowo @Gerindra";0;0;0;0;in;1711005621930385408;1717713934097281103;FiselliS;https://twitter.com/FiselliS/status/1717724196674170971
Fri Oct 27 02:05:34 +0000 2023;1717724188230963356;"@TimurSimpatisan @ReinaSanusi Betul, Ayahbowo Masgibran memiliki tokoh yg bisa dipercaya, dengan kinerjanya yang terbaik untuk negara.  MasbowoGibran EmangKeren Smangat PAGI Smangat Kita";0;0;0;0;in;1442469947381194758;1717721234606272819;NtbGerindra;https://twitter.com/NtbGerindra/status/1717724188230963356
Fri Oct 27 02:05:32 +0000 2023;1717724176335925520;"@Gerindra Bagi kaos âŒ Bagi tahu âœ…";0;0;0;0;in;1547617741;1717168033922433338;yessiwijaya10;https://twitter.com/yessiwijaya10/status/1717724176335925520
Fri Oct 27 02:05:28 +0000 2023;1717724162473812027;"@TimurSimpatisan @ReinaSanusi Betul, karakter moral yang baik bisa jadi menyebabkan mengapa kita semua percaya dan mau Ayahbowo Masgibran jadi pemimpin.  MasbowoGibran EmangKeren Smangat PAGI Smangat Kita";0;0;0;0;in;1442469947381194758;1717721234606272819;NtbGerindra;https://twitter.com/NtbGerindra/status/1717724162473812027
Fri Oct 27 02:05:22 +0000 2023;1717724136028725628;"@Gerindra @prabowo Gemoy muda bersatu ğŸ¥°";0;0;0;0;in;1685160273525772288;1717723309918527622;itslalabell;https://twitter.com/itslalabell/status/1717724136028725628
Fri Oct 27 02:05:18 +0000 2023;1717724118743957917;"@Gerindra @prabowo Mindra. Emang bener ya nama Pak Prabowo sekarang jadi Plabowo chubbyanto?";0;0;0;0;in;1658772316854321152;1717723309918527622;EllyAprianii;https://twitter.com/EllyAprianii/status/1717724118743957917
Fri Oct 27 02:04:52 +0000 2023;1717724010484781501;"@Gerindra @prabowo gemoy adalah....";0;0;0;0;in;1372624679626629120;1717723309918527622;pranatadayken;https://twitter.com/pranatadayken/status/1717724010484781501
Fri Oct 27 02:04:43 +0000 2023;1717723972085928100;"@TimurSimpatisan @ReinaSanusi Masyarakat ingin, Ayahbowo Masgibran juga kerja pada pengembangan kemakmuran masyarakat, termasuk buruh tani dan umkm masyarakat, dgn menyiapkan kebijakan yg tepat.  MasbowoGibran EmangKeren Smangat PAGI Smangat Kita https://t.co/2XYgzoigiR";0;0;0;0;in;1656199140366483456;1717721234606272819;SulbarGerindra1;https://twitter.com/SulbarGerindra1/status/1717723972085928100
Fri Oct 27 02:04:25 +0000 2023;1717723897595105691;"@Gerindra @prabowo All in pak prabowo karna gemoyğŸ¤—";0;0;0;0;in;1205500422602907649;1717723309918527622;fptriii02;https://twitter.com/fptriii02/status/1717723897595105691
Fri Oct 27 02:04:25 +0000 2023;1717723897200890125;"@TimurSimpatisan @ReinaSanusi Asik banget, Ayahbowo Masgibran memiliki komitmen untuk meneruskan penambahan prasarana yg dapat meningkatkan ekonomi dan kemakmuran hidup rakyat.  MasbowoGibran EmangKeren Smangat PAGI Smangat Kita";0;0;0;0;in;1656199140366483456;1717721234606272819;SulbarGerindra1;https://twitter.com/SulbarGerindra1/status/1717723897200890125
Fri Oct 27 02:04:25 +0000 2023;1717723896890417170;"@Gerindra @prabowo Mimin tau juga, bisa2nya gk ngasih tau Pak Prabowo, gk bahaya ta buat Pak Prabowo penasaran ama arti 'Gemoy'???";0;0;0;0;in;1547617741;1717723309918527622;yessiwijaya10;https://twitter.com/yessiwijaya10/status/1717723896890417170
Fri Oct 27 02:04:20 +0000 2023;1717723876820742147;"@Gerindra @prabowo duh jd typoğŸ˜–";0;0;0;0;in;1235800361769660416;1717723309918527622;cumicumyy;https://twitter.com/cumicumyy/status/1717723876820742147
Fri Oct 27 02:04:19 +0000 2023;1717723872857145695;"@EYore2902 @RajaJuliAntoni @psi_id @Gerindra @prabowo @gibran_tweet Whaaatttt.....?";0;0;0;0;en;1636994047738015744;1717688258556215682;BismarGul4741;https://twitter.com/BismarGul4741/status/1717723872857145695
Fri Oct 27 02:04:12 +0000 2023;1717723842695811106;"@Gerindra @prabowo Nggemesi min ğŸ˜";0;0;0;0;in;1387688200987021316;1717723309918527622;tabungGas_3kilo;https://twitter.com/tabungGas_3kilo/status/1717723842695811106
Fri Oct 27 02:04:06 +0000 2023;1717723818645663912;"@Gerindra @prabowo cipung gedenya kaya pak prabowo apa dah";0;0;0;0;in;1690394343763517441;1717723309918527622;astroluard;https://twitter.com/astroluard/status/1717723818645663912
Fri Oct 27 02:04:01 +0000 2023;1717723794985656798;"@RajaJuliAntoni @psi_id @Gerindra @prabowo @gibran_tweet Wah udah di Kupang aja";0;0;0;0;in;1630414485784764416;1717688258556215682;Ajengpuspa89;https://twitter.com/Ajengpuspa89/status/1717723794985656798
Fri Oct 27 02:04:00 +0000 2023;1717723791324033060;"@Gerindra @prabowo Semangatin aku dong min bapak aku lagi di rawat di rs sakit jantung ğŸ˜­";0;0;0;0;in;454591270;1717723309918527622;bunaael;https://twitter.com/bunaael/status/1717723791324033060
Fri Oct 27 02:03:52 +0000 2023;1717723756721021037;"@Gerindra @prabowo pagi mindraaa!! pakk, gempoyy ituu gemesin lucuuu imutt gt pak kyk bapakğŸ¤­ğŸ™ğŸ¼ https://t.co/EmKW0AbLAz";0;1;0;0;in;1235800361769660416;1717723309918527622;cumicumyy;https://twitter.com/cumicumyy/status/1717723756721021037
Fri Oct 27 02:03:51 +0000 2023;1717723752971321543;"@TimurSimpatisan @ReinaSanusi sebab Ayahbowo Masgibran punya kebijakan ekonomi yg mampu menciptakan kemakmuran rakyat, orang2 semua mendukungnya berdasarkan pertimbangan alasan itu.  MasbowoGibran EmangKeren Smangat PAGI Smangat Kita";0;0;0;0;in;1656195844981526538;1717721234606272819;kalbar_gerindra;https://twitter.com/kalbar_gerindra/status/1717723752971321543
Fri Oct 27 02:03:43 +0000 2023;1717723722306789529;"@TimurSimpatisan @ReinaSanusi Setuju, sikap moral yang tegas bisa jadi alasan mengapa semua orang kagum serta ingin Ayahbowo Masgibran jadi pemimpin.  MasbowoGibran EmangKeren Smangat PAGI Smangat Kita";0;0;0;0;in;1656195844981526538;1717721234606272819;kalbar_gerindra;https://twitter.com/kalbar_gerindra/status/1717723722306789529
Fri Oct 27 02:03:37 +0000 2023;1717723693898703273;"@TimurSimpatisan @ReinaSanusi Masyarakat yakin, pasti Ayahbowo Masgibran yg mampu menciptakan kesempatan usaha yg mudah supaya kita2 punya pendapatan yg layak.  MasbowoGibran EmangKeren Smangat PAGI Smangat Kita";0;0;0;0;in;1656195844981526538;1717721234606272819;kalbar_gerindra;https://twitter.com/kalbar_gerindra/status/1717723693898703273
Fri Oct 27 02:03:35 +0000 2023;1717723686118265015;"@PrabowoKalsel @prabowo @Gerindra Masyarakat yakin, hanya Ayahbowo Masgibran yang mampu membangun lapangan pekerjaan yg terbuka supaya masyarakat punya pendapatan yang baik.  #AkuRelawanPrabowoGibran @prabowo @Gerindra https://t.co/QeUn414HFP";0;0;0;0;in;1711724888707469312;1717713009353879920;MeriSusantiii;https://twitter.com/MeriSusantiii/status/1717723686118265015
Fri Oct 27 02:03:24 +0000 2023;1717723640211587364;"@Gerindra @prabowo joget nya pak gemoy xixixi";0;0;0;0;in;1167891321463308293;1717723309918527622;ZulfanoRp;https://twitter.com/ZulfanoRp/status/1717723640211587364
Fri Oct 27 02:03:22 +0000 2023;1717723633311997974;"@Gerindra @prabowo Gemes";0;0;0;0;en;1296256233356193794;1717723309918527622;nidandc_;https://twitter.com/nidandc_/status/1717723633311997974
Fri Oct 27 02:03:14 +0000 2023;1717723597761089563;"@Gerindra @prabowo pagi min, sarapan apa pagi ini";0;0;0;0;in;1453263591348527111;1717723309918527622;camelia7_ca;https://twitter.com/camelia7_ca/status/1717723597761089563
Fri Oct 27 02:03:13 +0000 2023;1717723594711838766;"@Gerindra @prabowo keduax";0;0;0;0;en;1505548254435770368;1717723309918527622;Yudzyyy;https://twitter.com/Yudzyyy/status/1717723594711838766
Fri Oct 27 02:03:12 +0000 2023;1717723589036920835;"@Gerindra @prabowo Kasi tau min kasian penasaran beliauğŸ˜Œ";0;0;0;0;in;1025676000821039105;1717723309918527622;CprnNd;https://twitter.com/CprnNd/status/1717723589036920835
Fri Oct 27 02:03:01 +0000 2023;1717723544929632496;"@Gerindra @prabowo pak prabowo lama lama mirip cipung";0;2;0;5;in;1542802092532051968;1717723309918527622;traptizedd;https://twitter.com/traptizedd/status/1717723544929632496
Fri Oct 27 02:02:55 +0000 2023;1717723517662454265;"@Gerindra @prabowo Kiyowo min";0;0;0;0;hi;886752960633479168;1717723309918527622;onyourmar_ja;https://twitter.com/onyourmar_ja/status/1717723517662454265
Fri Oct 27 02:02:40 +0000 2023;1717723455733538934;"@Gerindra @prabowo min apakah yakin besok prabowo ga kalah lg?";0;0;0;0;in;1529417691249127424;1717723309918527622;meimeikece_;https://twitter.com/meimeikece_/status/1717723455733538934
Fri Oct 27 02:02:39 +0000 2023;1717723452319400409;"@TimurSimpatisan @ReinaSanusi Setuju banget, Keyakinan orang-orang kepada Ayahbowo Masgibran tidak hadir dgn sendirinya, tapi muncul dari kinerjanya.  MasbowoGibran EmangKeren Smangat PAGI Smangat Kita https://t.co/hssYrmvOzP";0;0;0;0;in;1656193089881661441;1717721234606272819;kalsel_gerindra;https://twitter.com/kalsel_gerindra/status/1717723452319400409
Fri Oct 27 02:02:10 +0000 2023;1717723329099137383;"@ProPrabowoGntlo @prabowo @Gerindra Kita semua mau pendidikan yg terbaik dan murah. Masyarakat yakin, semua ini akan dicapai oleh Ayahbowo Masgibran seandainya menang.  #AkuRelawanPrabowoGibran @prabowo @Gerindra";0;0;0;0;in;1710456796366991360;1717714537527546080;agamandarulah;https://twitter.com/agamandarulah/status/1717723329099137383
Fri Oct 27 02:02:05 +0000 2023;1717723309918527622;"Selamat pagi tweeps, Pak @prabowo nanya nih apa itu 'Gemoy'? ğŸ˜… https://t.co/vfkDq89lRz";5;123;35;275;in;397673651;1717723309918527622;Gerindra;https://twitter.com/Gerindra/status/1717723309918527622
Fri Oct 27 02:01:42 +0000 2023;1717723212744949769;"@TimurSimpatisan @ReinaSanusi Nyata banget, rakyat melihat Ayahbowo Masgibran karena hasilnya antara janji dan kinerjanya, yang dihasilkan dari kerja profesionalnya.  MasbowoGibran EmangKeren Smangat PAGI Smangat Kita";0;0;0;0;in;1656193089881661441;1717721234606272819;kalsel_gerindra;https://twitter.com/kalsel_gerindra/status/1717723212744949769
Fri Oct 27 02:01:07 +0000 2023;1717723067865280853;"@Gerindra Revolusi mental cuma menghasilkan kedunguan dan kegemaran menyimpang....";0;0;0;0;in;2357998424;1717571793555472525;rachman0565;https://twitter.com/rachman0565/status/1717723067865280853
Fri Oct 27 02:01:05 +0000 2023;1717723058511712462;"Prabowo Subianto akhirnya memilih Gibran Rakabuming Raka sebagai cawapresnya di Pilpres 2024.   Tonton wawancara lengkapnya di Info A1 https://t.co/5HdKoLaXMD  #infoa1 #fahrihamzah #news #svt #politik #andrerosiade #gerindra #prabowo #gibran #pilpres2024 #kumparan https://t.co/113qo3LrMq";0;0;0;0;in;759692754985242625;1717723058511712462;kumparan;https://twitter.com/kumparan/status/1717723058511712462
Fri Oct 27 02:00:03 +0000 2023;1717722798725157050;"@kumparan Tenggelam kan prabowo beserta gerindra nya";0;0;0;2;in;1091528229079330816;1717719148871262340;SmokesOnMyHead;https://twitter.com/SmokesOnMyHead/status/1717722798725157050
Fri Oct 27 02:00:02 +0000 2023;1717722792169189610;"Rakyat berharap, Ayahbowo Masgibran akan fokus pada menaikkan kemakmuran masyarakat, seperti nelayan dan umkm rakyat, dengan membuat kebijakan yg baik.  MasbowoGibran EmangKeren Smangat PAGI Smangat Kita https://t.co/cLeHu4qfDx";0;0;0;0;in;1656203872044736512;1717722792169189610;bali_gerindra;https://twitter.com/bali_gerindra/status/1717722792169189610
Fri Oct 27 02:00:01 +0000 2023;1717722791091511447;"Masyarakat yakin, cuma Ayahbowo Masgibran yg bisa membangun peluang berkarya yang terbuka agar orang2 hidup yang makmur.  MasbowoGibran EmangKeren Smangat PAGI Smangat Kita https://t.co/D7HFMjLY7S";0;0;0;0;in;1442469947381194758;1717722791091511447;NtbGerindra;https://twitter.com/NtbGerindra/status/1717722791091511447
Fri Oct 27 02:00:01 +0000 2023;1717722790500155518;"Orang2 mau pendidikan yang berkualitas dan terjangkau. Masyarakat yakin, hal ini pasti dicapai sama Ayahbowo Masgibran jika memimpin.  MasbowoGibran EmangKeren Smangat PAGI Smangat Kita https://t.co/BKGpjhIdkB";0;0;0;0;in;1656206457979932674;1717722790500155518;TimurSimpatisan;https://twitter.com/TimurSimpatisan/status/1717722790500155518
Fri Oct 27 02:00:01 +0000 2023;1717722789174735317;"Ayahbowo Masgibran akan menyiapkan program yang dimana rakyat bisa menyelesaikan permasalahan kondisi tertentu, contohnya kemiskinan, pengangguran, agar bisa teratasi.  MasbowoGibran EmangKeren Smangat PAGI Smangat Kita https://t.co/FtTweS0aId";0;0;0;0;in;1656203872044736512;1717722789174735317;bali_gerindra;https://twitter.com/bali_gerindra/status/1717722789174735317
Fri Oct 27 02:00:01 +0000 2023;1717722788973220033;"Masyarakat beharap sekolah yang baik dan terjangkau. Masyarakat yakin, ini pasti dicapai oleh Ayahbowo Masgibran seandainya menang.  MasbowoGibran EmangKeren Smangat PAGI Smangat Kita https://t.co/yyTKWYuIrd";0;0;0;0;in;1656199140366483456;1717722788973220033;SulbarGerindra1;https://twitter.com/SulbarGerindra1/status/1717722788973220033
Fri Oct 27 02:00:00 +0000 2023;1717722787664834699;"Iya keren, untuk dapat kepercayaan, diperlihatkan oleh Ayahbowo Masgibran keseriusan terus kerja wujudkan Indonesia tangguh.  MasbowoGibran EmangKeren Smangat PAGI Smangat Kita";0;0;0;0;in;1442469947381194758;1717722787664834699;NtbGerindra;https://twitter.com/NtbGerindra/status/1717722787664834699
Fri Oct 27 02:00:00 +0000 2023;1717722787488399774;"Memang udah saatnya sekarang Ayahbowo Masgibran terpilih! sebab tokoh seperti dia yang sangat pas untuk situasi sekarang.  MasbowoGibran EmangKeren Smangat PAGI Smangat Kita";0;0;0;0;in;1656199140366483456;1717722787488399774;SulbarGerindra1;https://twitter.com/SulbarGerindra1/status/1717722787488399774
Fri Oct 27 02:00:00 +0000 2023;1717722787157295242;"Ayahbowo Masgibran akan membuat program yg dimana masyarakat mampu mengurangi problem kondisi tertentu, seperti rakyat miskin, pengangguran, untuk bisa terselesaikan.  MasbowoGibran EmangKeren Smangat PAGI Smangat Kita https://t.co/DvlAUUDmoB";0;0;0;0;in;1656195844981526538;1717722787157295242;kalbar_gerindra;https://twitter.com/kalbar_gerindra/status/1717722787157295242
Fri Oct 27 02:00:00 +0000 2023;1717722786867654760;"Mantab nih bro, visi Ayahbowo Masgibran yaitu menaikan standar pendidikan, membuat akses yg lebih baik ke pendidikan berkualitas untuk seluruh lapisan.  MasbowoGibran EmangKeren Smangat PAGI Smangat Kita";0;0;0;0;in;1656206457979932674;1717722786867654760;TimurSimpatisan;https://twitter.com/TimurSimpatisan/status/1717722786867654760
Fri Oct 27 02:00:00 +0000 2023;1717722786183987244;"Mantab nih guys, keinginan Ayahbowo Masgibran adalah meningkatkan sistem sekolah, menciptakan kebijakan yang solutif ke pendidikan baik bagi seluruh lapisan.  MasbowoGibran EmangKeren Smangat PAGI Smangat Kita";0;0;0;0;in;1656193089881661441;1717722786183987244;kalsel_gerindra;https://twitter.com/kalsel_gerindra/status/1717722786183987244
Fri Oct 27 02:00:00 +0000 2023;1717722785911296144;"Yes, jiwa moral yg tegas bisa jadi keyakinan kenapa pemilih kagum serta berharap Ayahbowo Masgibran jadi pemimpin.  MasbowoGibran EmangKeren Smangat PAGI Smangat Kita https://t.co/kgSbk0U1Om";0;0;0;0;in;1656193089881661441;1717722785911296144;kalsel_gerindra;https://twitter.com/kalsel_gerindra/status/1717722785911296144
Fri Oct 27 02:00:00 +0000 2023;1717722785387368651;"Masyarakat yakin, cuma Ayahbowo Masgibran yang mampu menciptakan kesempatan berkarya yang stabil agar kita hidup yang baik.  MasbowoGibran EmangKeren Smangat PAGI Smangat Kita";0;0;0;0;in;1656195844981526538;1717722785387368651;kalbar_gerindra;https://twitter.com/kalbar_gerindra/status/1717722785387368651
Fri Oct 27 01:59:25 +0000 2023;1717722640750927906;"@GwehGpp @Gerindra Kalo mas wali berkenan menuntut bisa lanjut proses, tpi kalo mas wali nyantai2 aja ya gimana hehehehe";0;0;0;0;in;4015634593;1717571793555472525;anjaylau1;https://twitter.com/anjaylau1/status/1717722640750927906
Fri Oct 27 01:58:30 +0000 2023;1717722408193524017;"@HusinShihab @Gerindra silakan PDIP pecat jokowi dan gibran, kalo berani.  ğŸ¤­ğŸ¤­ğŸ¤­ğŸ¤­ dasar pengecut.";0;0;0;0;in;1092251261557125120;1717445452067643597;sunjayacandra;https://twitter.com/sunjayacandra/status/1717722408193524017
Fri Oct 27 01:58:11 +0000 2023;1717722329156116484;"Kapolres Ogan Ilir Silaturahmi ke kantor Gerindra Ogan Ilir https://t.co/GRjYx2XQpd";0;0;0;0;in;1448475779386413057;1717722329156116484;OganPolres;https://twitter.com/OganPolres/status/1717722329156116484
Fri Oct 27 01:57:50 +0000 2023;1717722240060657889;"@Gerindra @ta_hulll @prabowo Langsung agendakan aja min coba â˜ºï¸";0;0;0;0;in;263043436;1716799703076249900;feerrycand;https://twitter.com/feerrycand/status/1717722240060657889
Fri Oct 27 01:57:12 +0000 2023;1717722082451358145;"@Gerindra Gerindra mainnya ginian?? Wkwk katanya butuh pemimpin dri kalangan muda, kreatifğŸ¤£ğŸ¤£";0;0;0;0;in;1105706859074195457;1717571793555472525;HernandezAcha;https://twitter.com/HernandezAcha/status/1717722082451358145
Fri Oct 27 01:57:08 +0000 2023;1717722064252248449;"@Paltiwest @jokowi sy berpendapat : sasaran utama adalah mencegah Prabowo jadi capres dg isu2 ham krn potensi Prabowo menang di 2024 sangat besar, isu ham ternyata sudah tak mempan, mrk tambah kuatir ketika Gibran masuk krn kans Prabowo makin besar, mk Gibran-Jkw jadi sasaran. @Gerindra";0;0;0;1;in;3248886918;1717690994710458871;wrahardian2;https://twitter.com/wrahardian2/status/1717722064252248449
Fri Oct 27 01:56:49 +0000 2023;1717721985751675255;"Saya erharu lihat gambar ini. Penuh suasana kekeluargaan. ğŸ™ğŸ˜­  Mantap. Keluarga Indonesia.   @PartBurungGalak  @Gerindra  @PartaiDemokrat  @PDemokrat  @officialMKRI  @psi_id https://t.co/P33IGH5gur";0;0;0;0;in;1659769599100084226;1717721985751675255;Acil_Harrirama;https://twitter.com/Acil_Harrirama/status/1717721985751675255
Fri Oct 27 01:56:00 +0000 2023;1717721777894523383;"Sekretaris Jenderal (Sekjen) Partai Gerindra, Ahmad Muzani memberikan bocoran soal susuan Tim Kampanye Nasional (TKN) Prabowo-Gibran.  #gerindra #partai #PrabowoGibran  https://t.co/Bu3vggxud1";0;0;0;0;in;1703063139909345280;1717721777894523383;beritrust_media;https://twitter.com/beritrust_media/status/1717721777894523383
Fri Oct 27 01:55:51 +0000 2023;1717721739529208039;"@Paltiwest tolong mulutnya ditertibkan @Puspen_TNI @Gerindra @prabowo @MuzaniGerindra";0;0;0;0;in;1290370309;1717527686451486955;fahrurrosidi;https://twitter.com/fahrurrosidi/status/1717721739529208039
Fri Oct 27 01:55:25 +0000 2023;1717721630821195818;"@kumparan Dulu 2014/2019 gerindra pake fadli zonk buat gonggong hasil tetep kalah,skrg utk 2024 mlh pasang balak enam.kelaut dah";0;0;0;0;in;1272905276480532486;1717719148871262340;Afe60223152;https://twitter.com/Afe60223152/status/1717721630821195818
Fri Oct 27 01:55:00 +0000 2023;1717721529293983813;"Dih random bngt gue lagi duduk di indomaret liat coklat pengen tbtb dikirimin coklat sama admin @/Gerindra yang super random ituğŸ‘ŠğŸ»ğŸ˜­";0;0;0;0;in;1552239022592126976;1717721529293983813;GagaisHere_;https://twitter.com/GagaisHere_/status/1717721529293983813
Fri Oct 27 01:55:00 +0000 2023;1717721529109430680;"#TemanPemilih, Gabungan Parpol Gerindra, Golkar, PAN, Demokrat, PBB, Garuda &amp  PSI mendaftarkan Prabowo Subianto dan Gibran Rakabuming Raka sebagai Bakal Pasangan Capres dan Cawapres Peserta Pemilu Tahun 2024, Rabu (25/10/23) pukul 11.20 WIB.  #KPUMelayani https://t.co/ixLDIg3k43";0;0;0;0;in;1240186384293318661;1717721529109430680;kpumanggarai;https://twitter.com/kpumanggarai/status/1717721529109430680
Fri Oct 27 01:54:50 +0000 2023;1717721483857035706;"rusak kalo politik bisa mengubah sistem di @Puspen_TNI @Gerindra @prabowo @MuzaniGerindra ..tolong ditertibkan";0;0;0;0;in;1290370309;1717721483857035706;fahrurrosidi;https://twitter.com/fahrurrosidi/status/1717721483857035706
